{"Loss": 0.05171496141701937, "_runtime": 75, "_timestamp": 1633267677, "_step": 399, "Val Loss": 0.0538395494222641, "Acc": 83.94999999999999, "Val Acc": 73.4, "_wandb": {"runtime": 74}}